"","output"
"1","tf-idf for Get is 4.52178857704904"
"2","tf-idf for your is 1.43074612369072"
"3","tf-idf for chance is 3.13549421592915"
"4","tf-idf for win is 2.57587842799373"
"5","tf-idf for Dave is 3.8286413964891"
"6","tf-idf for Ramsey is 3.8286413964891"
"7","tf-idf for Total is 3.42317628838093"
"8","tf-idf for Money is 3.42317628838093"
"9","tf-idf for Makeover is 3.42317628838093"
"10","tf-idf for kit is 4.52178857704904"
"11","tf-idf for + is 3.42317628838093"
"12","tf-idf for $1,000! is 3.8286413964891"
"13","tf-idf for Enter is 3.42317628838093"
"14","tf-idf for 2/26 is 3.8286413964891"
"15","tf-idf for http://t.co/JF61rRBSO5. is 4.52178857704904"
"16","tf-idf for http://t.co/lPvNOq353x is 4.52178857704904"
"17","tf-idf for You is 0"
"18","tf-idf for could is 0"
"19","tf-idf for win is 0"
"20","tf-idf for @DaveRamsey is 0"
"21","tf-idf for Total is 0"
"22","tf-idf for Money is 0"
"23","tf-idf for Makeover is 0"
"24","tf-idf for &amp; is 0"
"25","tf-idf for $1000! is 0"
"26","tf-idf for Enter is 0"
"27","tf-idf for 2/26 is 0"
"28","tf-idf for your is 0"
"29","tf-idf for chance is 0"
"30","tf-idf for #WinWithKasasa. is 0"
"31","tf-idf for Steps: is 0"
"32","tf-idf for http://t.co/28UMYzocfa is 0"
"33","tf-idf for You is 0"
"34","tf-idf for could is 0"
"35","tf-idf for win is 0"
"36","tf-idf for Total is 0"
"37","tf-idf for Money is 0"
"38","tf-idf for Makeover is 0"
"39","tf-idf for kit, is 0"
"40","tf-idf for trip is 0"
"41","tf-idf for see is 0"
"42","tf-idf for Dave is 0"
"43","tf-idf for Ramsey is 0"
"44","tf-idf for &amp; is 0"
"45","tf-idf for $1,000! is 0"
"46","tf-idf for Enter is 0"
"47","tf-idf for 2/26: is 0"
"48","tf-idf for http://t.co/JF61rRBSO5 is 0"
"49","tf-idf for http://t.co/ZV5IHG2WuR is 0"
"50","tf-idf for Can is 0"
"51","tf-idf for Luke is 0"
"52","tf-idf for Hancock is 0"
"53","tf-idf for collect is 0"
"54","tf-idf for his is 0"
"55","tf-idf for 3rd is 0"
"56","tf-idf for straight is 0"
"57","tf-idf for 20 is 0"
"58","tf-idf for point is 0"
"59","tf-idf for game is 0"
"60","tf-idf for L'ville is 0"
"61","tf-idf for vs is 0"
"62","tf-idf for Houston?Find is 0"
"63","tf-idf for out is 0"
"64","tf-idf for @7p is 0"
"65","tf-idf for ET is 0"
"66","tf-idf for http://t.co/Nbujkr3K4G is 0"
"67","tf-idf for http://t.co/0SZsKl0EBf is 0"
"68","tf-idf for Can is 0"
"69","tf-idf for Luke is 0"
"70","tf-idf for Hancock is 0"
"71","tf-idf for collect is 0"
"72","tf-idf for his is 0"
"73","tf-idf for 3rd is 0"
"74","tf-idf for straight is 0"
"75","tf-idf for 20 is 0"
"76","tf-idf for point is 0"
"77","tf-idf for game is 0"
"78","tf-idf for L'ville is 0"
"79","tf-idf for vs is 0"
"80","tf-idf for Houston?Find is 0"
"81","tf-idf for out is 0"
"82","tf-idf for @7p is 0"
"83","tf-idf for ET is 0"
"84","tf-idf for http://t.co/Nbujkr3K4G is 0"
"85","tf-idf for http://t.co/ChjOXM73A1 is 0"
"86","tf-idf for Don't is 0"
"87","tf-idf for miss is 0"
"88","tf-idf for our is 0"
"89","tf-idf for All is 0"
"90","tf-idf for Access is 0"
"91","tf-idf for Audio is 0"
"92","tf-idf for game is 0"
"93","tf-idf for between is 0"
"94","tf-idf for @NovaMBB is 0"
"95","tf-idf for &amp; is 0"
"96","tf-idf for @SetonHallMBB is 0"
"97","tf-idf for 7 is 0"
"98","tf-idf for PM is 0"
"99","tf-idf for ET. is 0"
"100","tf-idf for http://t.co/9tOiAUpbrl is 0"
"101","tf-idf for Fans is 0"
"102","tf-idf for can is 0"
"103","tf-idf for see is 0"
"104","tf-idf for where is 0"
"105","tf-idf for enjoy is 0"
"106","tf-idf for our is 0"
"107","tf-idf for @NovaMBB is 0"
"108","tf-idf for @SetonHallMBB is 0"
"109","tf-idf for All is 0"
"110","tf-idf for Access is 0"
"111","tf-idf for Audio is 0"
"112","tf-idf for game is 0"
"113","tf-idf for using is 0"
"114","tf-idf for our is 0"
"115","tf-idf for channel is 0"
"116","tf-idf for finder: is 0"
"117","tf-idf for http://t.co/PJuezKEwWQ is 0"
"118","tf-idf for Fans is 0"
"119","tf-idf for in is 0"
"120","tf-idf for @GoCards is 0"
"121","tf-idf for area is 0"
"122","tf-idf for can is 0"
"123","tf-idf for watch is 0"
"124","tf-idf for game is 0"
"125","tf-idf for on is 0"
"126","tf-idf for these is 0"
"127","tf-idf for channels: is 0"
"128","tf-idf for DIRECTV is 0"
"129","tf-idf for 221 is 0"
"130","tf-idf for Dish is 0"
"131","tf-idf for 158 is 0"
"132","tf-idf for AT&amp;T is 0"
"133","tf-idf for U-verse is 0"
"134","tf-idf for 1643 is 0"
"135","tf-idf for Time is 0"
"136","tf-idf for Warner is 0"
"137","tf-idf for 968 is 0"
"138","tf-idf for #UofL is 0"
"139","tf-idf for #L1C4 is 0"
"140","tf-idf for Fans is 0"
"141","tf-idf for in is 0"
"142","tf-idf for L'ville is 0"
"143","tf-idf for area is 0"
"144","tf-idf for can is 0"
"145","tf-idf for watch is 0"
"146","tf-idf for game is 0"
"147","tf-idf for Here: is 0"
"148","tf-idf for DIRECTV is 0"
"149","tf-idf for 221 is 0"
"150","tf-idf for Dish is 0"
"151","tf-idf for 158 is 0"
"152","tf-idf for AT&amp;T is 0"
"153","tf-idf for U-verse is 0"
"154","tf-idf for 1643 is 0"
"155","tf-idf for Time is 0"
"156","tf-idf for Warner is 0"
"157","tf-idf for 968 is 0"
"158","tf-idf for #UofL is 0"
"159","tf-idf for #L1C4 is 0"
"160","tf-idf for http://t.co/FJdwQLmEvx is 0"
"161","tf-idf for Fans is 0"
"162","tf-idf for in is 0"
"163","tf-idf for L'ville is 0"
"164","tf-idf for area is 0"
"165","tf-idf for can is 0"
"166","tf-idf for watch is 0"
"167","tf-idf for game is 0"
"168","tf-idf for Here: is 0"
"169","tf-idf for DIRECTV is 0"
"170","tf-idf for 221 is 0"
"171","tf-idf for Dish is 0"
"172","tf-idf for 158 is 0"
"173","tf-idf for AT&amp;T is 0"
"174","tf-idf for U-verse is 0"
"175","tf-idf for 1643 is 0"
"176","tf-idf for Time is 0"
"177","tf-idf for Warner is 0"
"178","tf-idf for 968 is 0"
"179","tf-idf for #UofL is 0"
"180","tf-idf for #L1C5 is 0"
"181","tf-idf for http://t.co/dvwFA6mryE is 0"
"182","tf-idf for Houston is 0"
"183","tf-idf for Fans is 0"
"184","tf-idf for tune-in is 0"
"185","tf-idf for game is 0"
"186","tf-idf for here: is 0"
"187","tf-idf for AT&amp;T is 0"
"188","tf-idf for U-verse is 0"
"189","tf-idf for 1643 is 0"
"190","tf-idf for Comcast is 0"
"191","tf-idf for 706 is 0"
"192","tf-idf for DIRECTV is 0"
"193","tf-idf for 221 is 0"
"194","tf-idf for DISH is 0"
"195","tf-idf for 158 is 0"
"196","tf-idf for UH is 0"
"197","tf-idf for 84 is 0"
"198","tf-idf for Wavevision is 0"
"199","tf-idf for 623 is 0"
"200","tf-idf for http://t.co/w9baI2tNRk is 0"
"201","tf-idf for Our is 0"
"202","tf-idf for All is 0"
"203","tf-idf for Access is 0"
"204","tf-idf for Audio is 0"
"205","tf-idf for courtside is 0"
"206","tf-idf for experience is 0"
"207","tf-idf for begins is 0"
"208","tf-idf for 7 is 0"
"209","tf-idf for PM is 0"
"210","tf-idf for ET is 0"
"211","tf-idf for with is 0"
"212","tf-idf for @NovaMBB is 0"
"213","tf-idf for battling is 0"
"214","tf-idf for @SetonHallMBB is 0"
"215","tf-idf for http://t.co/blNLj9XO4V is 0"
"216","tf-idf for Our is 0"
"217","tf-idf for All is 0"
"218","tf-idf for Access is 0"
"219","tf-idf for Audio is 0"
"220","tf-idf for courtside is 0"
"221","tf-idf for experience is 0"
"222","tf-idf for begins is 0"
"223","tf-idf for 7PM is 0"
"224","tf-idf for ET is 0"
"225","tf-idf for w/ is 0"
"226","tf-idf for @NovaMBB is 0"
"227","tf-idf for battling is 0"
"228","tf-idf for @SetonHallMBB is 0"
"229","tf-idf for http://t.co/45UTgGwyYk is 0"
"230","tf-idf for Our is 0"
"231","tf-idf for All-Access is 0"
"232","tf-idf for Audio is 0"
"233","tf-idf for game is 0"
"234","tf-idf for - is 0"
"235","tf-idf for @NovaMBB is 0"
"236","tf-idf for vs is 0"
"237","tf-idf for @SetonHallMBB is 0"
"238","tf-idf for tips is 0"
"239","tf-idf for 7ET. is 0"
"240","tf-idf for We is 0"
"241","tf-idf for have is 0"
"242","tf-idf for 30 is 0"
"243","tf-idf for court is 0"
"244","tf-idf for level is 0"
"245","tf-idf for mics is 0"
"246","tf-idf for providing is 0"
"247","tf-idf for sound is 0"
"248","tf-idf for from is 0"
"249","tf-idf for coaches, is 0"
"250","tf-idf for players is 0"
"251","tf-idf for + is 0"
"252","tf-idf for refs is 0"
"253","tf-idf for RT is 0"
"254","tf-idf for @HoopsonCBS: is 0"
"255","tf-idf for 7:52 is 0"
"256","tf-idf for left is 0"
"257","tf-idf for on is 0"
"258","tf-idf for @CBSSportsNet is 0"
"259","tf-idf for @GoCards is 0"
"260","tf-idf for continue is 0"
"261","tf-idf for dominate is 0"
"262","tf-idf for Houston, is 0"
"263","tf-idf for 73-39. is 0"
"264","tf-idf for Russ is 0"
"265","tf-idf for Smith is 0"
"266","tf-idf for leads is 0"
"267","tf-idf for all is 0"
"268","tf-idf for scorers is 0"
"269","tf-idf for with is 0"
"270","tf-idf for 18 is 0"
"271","tf-idf for points is 0"
"272","tf-idf for fo… is 0"
"273","tf-idf for RT is 0"
"274","tf-idf for @HoopsonCBS: is 0"
"275","tf-idf for FINAL: is 0"
"276","tf-idf for No. is 0"
"277","tf-idf for 8 is 0"
"278","tf-idf for @NovaMBB is 0"
"279","tf-idf for take is 0"
"280","tf-idf for down is 0"
"281","tf-idf for Seton is 0"
"282","tf-idf for Hall is 0"
"283","tf-idf for 83-67 is 0"
"284","tf-idf for improve is 0"
"285","tf-idf for 3-0 is 0"
"286","tf-idf for in is 0"
"287","tf-idf for @bigeastconf is 0"
"288","tf-idf for while is 0"
"289","tf-idf for shooting is 0"
"290","tf-idf for 55% is 0"
"291","tf-idf for from is 0"
"292","tf-idf for beyond is 0"
"293","tf-idf for a… is 0"
"294","tf-idf for RT is 0"
"295","tf-idf for @HoopsonCBS: is 0"
"296","tf-idf for FINAL: is 0"
"297","tf-idf for Russ is 0"
"298","tf-idf for Smith is 0"
"299","tf-idf for Luke is 0"
"300","tf-idf for Hancock is 0"
"301","tf-idf for both is 0"
"302","tf-idf for score is 0"
"303","tf-idf for 23 is 0"
"304","tf-idf for points is 0"
"305","tf-idf for lead is 0"
"306","tf-idf for @GoCards is 0"
"307","tf-idf for 71-63 is 0"
"308","tf-idf for win is 0"
"309","tf-idf for over is 0"
"310","tf-idf for #SMU is 0"
"311","tf-idf for improve is 0"
"312","tf-idf for 14-3 is 0"
"313","tf-idf for #L1C4 is 0"
"314","tf-idf for RT is 0"
"315","tf-idf for @HoopsonCBS: is 0"
"316","tf-idf for HALFTIME is 0"
"317","tf-idf for on is 0"
"318","tf-idf for @CBSSportsNet is 0"
"319","tf-idf for : is 0"
"320","tf-idf for @GoCards is 0"
"321","tf-idf for controlling is 0"
"322","tf-idf for Houston is 0"
"323","tf-idf for with is 0"
"324","tf-idf for 57-28 is 0"
"325","tf-idf for lead is 0"
"326","tf-idf for as is 0"
"327","tf-idf for #UofL is 0"
"328","tf-idf for sets is 0"
"329","tf-idf for season-high is 0"
"330","tf-idf for points is 0"
"331","tf-idf for in is 0"
"332","tf-idf for 1st is 0"
"333","tf-idf for … is 0"
"334","tf-idf for RT is 0"
"335","tf-idf for @HoopsonCBS: is 0"
"336","tf-idf for HALFTIME: is 0"
"337","tf-idf for @GoCards is 0"
"338","tf-idf for up is 0"
"339","tf-idf for 37-25 is 0"
"340","tf-idf for over is 0"
"341","tf-idf for #SMU is 0"
"342","tf-idf for break. is 0"
"343","tf-idf for Every is 0"
"344","tf-idf for #UofL is 0"
"345","tf-idf for starter is 0"
"346","tf-idf for has is 0"
"347","tf-idf for scored is 0"
"348","tf-idf for but is 0"
"349","tf-idf for it's is 0"
"350","tf-idf for been is 0"
"351","tf-idf for Russ is 0"
"352","tf-idf for Smith is 0"
"353","tf-idf for leading is 0"
"354","tf-idf for way… is 0"
"355","tf-idf for RT is 0"
"356","tf-idf for @HoopsonCBS: is 0"
"357","tf-idf for Russ is 0"
"358","tf-idf for Smith is 0"
"359","tf-idf for &amp; is 0"
"360","tf-idf for Nic is 0"
"361","tf-idf for Moore's is 0"
"362","tf-idf for team is 0"
"363","tf-idf for battle! is 0"
"364","tf-idf for @GoCards is 0"
"365","tf-idf for hosts is 0"
"366","tf-idf for @SMUBasketball is 0"
"367","tf-idf for 1PM is 0"
"368","tf-idf for ET is 0"
"369","tf-idf for on is 0"
"370","tf-idf for @CBSSportsNet is 0"
"371","tf-idf for http://t.co/gtT6lZpkUb is 0"
"372","tf-idf for Remember is 0"
"373","tf-idf for follow is 0"
"374","tf-idf for @HoopsonCBS is 0"
"375","tf-idf for updates is 0"
"376","tf-idf for on is 0"
"377","tf-idf for @GoCards is 0"
"378","tf-idf for vs. is 0"
"379","tf-idf for @RutgersMBB is 0"
"380","tf-idf for our is 0"
"381","tf-idf for games is 0"
"382","tf-idf for through is 0"
"383","tf-idf for season! is 0"
"384","tf-idf for #UofL is 0"
"385","tf-idf for #RHoops is 0"
"386","tf-idf for Russ is 0"
"387","tf-idf for Smith is 0"
"388","tf-idf for &amp; is 0"
"389","tf-idf for Nic is 0"
"390","tf-idf for Moore is 0"
"391","tf-idf for lead is 0"
"392","tf-idf for their is 0"
"393","tf-idf for teams is 0"
"394","tf-idf for into is 0"
"395","tf-idf for battle! is 0"
"396","tf-idf for L'ville is 0"
"397","tf-idf for vs is 0"
"398","tf-idf for SMU is 0"
"399","tf-idf for @ is 0"
"400","tf-idf for 1PM is 0"
"401","tf-idf for ET. is 0"
"402","tf-idf for Channel is 0"
"403","tf-idf for finder: is 0"
"404","tf-idf for http://t.co/sbs3NgFb09 is 0"
"405","tf-idf for http://t.co/tI8rZP88uZ is 0"
"406","tf-idf for Which is 0"
"407","tf-idf for star is 0"
"408","tf-idf for will is 0"
"409","tf-idf for come is 0"
"410","tf-idf for out is 0"
"411","tf-idf for on is 0"
"412","tf-idf for top: is 0"
"413","tf-idf for L'Ville is 0"
"414","tf-idf for Russ is 0"
"415","tf-idf for Smith is 0"
"416","tf-idf for or is 0"
"417","tf-idf for Houston's is 0"
"418","tf-idf for TaShawn is 0"
"419","tf-idf for Thomas? is 0"
"420","tf-idf for Watch is 0"
"421","tf-idf for @7p is 0"
"422","tf-idf for ET. is 0"
"423","tf-idf for http://t.co/Cbf6ZZ9Mm7 is 0"
"424","tf-idf for http://t.co/xqHkjdHi9t is 0"
"425","tf-idf for #BeckhamforHM is 0"
"426","tf-idf for is is 0"
"427","tf-idf for being is 0"
"428","tf-idf for revealed is 0"
"429","tf-idf for in is 0"
"430","tf-idf for big is 0"
"431","tf-idf for game. is 0"
"432","tf-idf for Did is 0"
"433","tf-idf for you is 0"
"434","tf-idf for choose is 0"
"435","tf-idf for #Covered is 0"
"436","tf-idf for or is 0"
"437","tf-idf for #Uncovered? is 0"
"438","tf-idf for http://t.co/5kdRGYtvLP is 0"
"439","tf-idf for A is 0"
"440","tf-idf for post is 0"
"441","tf-idf for halftime is 0"
"442","tf-idf for show is 0"
"443","tf-idf for pick is 0"
"444","tf-idf for me is 0"
"445","tf-idf for up! is 0"
"446","tf-idf for Check is 0"
"447","tf-idf for out is 0"
"448","tf-idf for our is 0"
"449","tf-idf for #SB48 is 0"
"450","tf-idf for big is 0"
"451","tf-idf for game is 0"
"452","tf-idf for playlist is 0"
"453","tf-idf for on is 0"
"454","tf-idf for @Spotify. is 0"
"455","tf-idf for  is 0"
"456","tf-idf for http://t.co/6Jp30UMyqq is 0"
"457","tf-idf for #NowPlaying is 0"
"458","tf-idf for Boxers, is 0"
"459","tf-idf for briefs is 0"
"460","tf-idf for or is 0"
"461","tf-idf for long is 0"
"462","tf-idf for johns. is 0"
"463","tf-idf for Who’s is 0"
"464","tf-idf for watching is 0"
"465","tf-idf for Super is 0"
"466","tf-idf for Bowl is 0"
"467","tf-idf for in is 0"
"468","tf-idf for #BeckhamforHM? is 0"
"469","tf-idf for http://t.co/DgvmmArk0v is 0"
"470","tf-idf for http://t.co/KNpkbgRJMO is 0"
"471","tf-idf for Choose is 0"
"472","tf-idf for your is 0"
"473","tf-idf for favorite is 0"
"474","tf-idf for #BeckhamforHM is 0"
"475","tf-idf for Super is 0"
"476","tf-idf for Bowl is 0"
"477","tf-idf for ad! is 0"
"478","tf-idf for Vote is 0"
"479","tf-idf for #covered is 0"
"480","tf-idf for or is 0"
"481","tf-idf for #uncovered: is 0"
"482","tf-idf for http://t.co/DDwRJ9rRDF is 0"
"483","tf-idf for http://t.co/ZY4Lj6Pk8X is 0"
"484","tf-idf for Coming is 0"
"485","tf-idf for soon is 0"
"486","tf-idf for your is 0"
"487","tf-idf for TV is 0"
"488","tf-idf for screen...#BeckhamforHM is 0"
"489","tf-idf for http://t.co/ViGwpHnCtu is 0"
"490","tf-idf for Heading is 0"
"491","tf-idf for Super is 0"
"492","tf-idf for Bowl is 0"
"493","tf-idf for party? is 0"
"494","tf-idf for We is 0"
"495","tf-idf for want is 0"
"496","tf-idf for see is 0"
"497","tf-idf for your is 0"
"498","tf-idf for game is 0"
"499","tf-idf for day is 0"
"500","tf-idf for outfits. is 0"
"501","tf-idf for Share is 0"
"502","tf-idf for w. is 0"
"503","tf-idf for #SB48Party. is 0"
"504","tf-idf for We'll is 0"
"505","tf-idf for RT is 0"
"506","tf-idf for our is 0"
"507","tf-idf for faves! is 0"
"508","tf-idf for Instant is 0"
"509","tf-idf for Replay! is 0"
"510","tf-idf for #BeckhamforHM is 0"
"511","tf-idf for #uncovered is 0"
"512","tf-idf for http://t.co/16ZM31F7SC is 0"
"513","tf-idf for Style is 0"
"514","tf-idf for your is 0"
"515","tf-idf for #SB48! is 0"
"516","tf-idf for Take is 0"
"517","tf-idf for 30% is 0"
"518","tf-idf for off is 0"
"519","tf-idf for online is 0"
"520","tf-idf for with is 0"
"521","tf-idf for code is 0"
"522","tf-idf for 4848 is 0"
"523","tf-idf for all is 0"
"524","tf-idf for weekend is 0"
"525","tf-idf for long. is 0"
"526","tf-idf for http://t.co/9vnbexKpoC is 0"
"527","tf-idf for Team is 0"
"528","tf-idf for colors, is 0"
"529","tf-idf for check! is 0"
"530","tf-idf for Chips is 0"
"531","tf-idf for &amp; is 0"
"532","tf-idf for dip, is 0"
"533","tf-idf for check! is 0"
"534","tf-idf for Lucky is 0"
"535","tf-idf for boxers, is 0"
"536","tf-idf for check! is 0"
"537","tf-idf for We're is 0"
"538","tf-idf for ready is 0"
"539","tf-idf for big is 0"
"540","tf-idf for game. is 0"
"541","tf-idf for #BeckhamforHM is 0"
"542","tf-idf for http://t.co/MnNZqXjq3F is 0"
"543","tf-idf for The is 0"
"544","tf-idf for best is 0"
"545","tf-idf for thing is 0"
"546","tf-idf for you'll is 0"
"547","tf-idf for see is 0"
"548","tf-idf for all is 0"
"549","tf-idf for night: is 0"
"550","tf-idf for http://t.co/16ZM31F7SC is 0"
"551","tf-idf for #BeckhamforHM is 0"
"552","tf-idf for http://t.co/Df5csLp18j is 0"
"553","tf-idf for We're is 0"
"554","tf-idf for falling is 0"
"555","tf-idf for in is 0"
"556","tf-idf for love is 0"
"557","tf-idf for with is 0"
"558","tf-idf for fashion! is 0"
"559","tf-idf for Make is 0"
"560","tf-idf for your is 0"
"561","tf-idf for #ValentinesDay is 0"
"562","tf-idf for even is 0"
"563","tf-idf for sweeter is 0"
"564","tf-idf for with is 0"
"565","tf-idf for H&amp;M. is 0"
"566","tf-idf for http://t.co/TtyTLTHCKO is 0"
"567","tf-idf for http://t.co/nfxpBK25xK is 0"
"568","tf-idf for Dir. is 0"
"569","tf-idf for of is 0"
"570","tf-idf for Social is 0"
"571","tf-idf for Stephen is 0"
"572","tf-idf for Blake is 0"
"573","tf-idf for writes is 0"
"574","tf-idf for why is 0"
"575","tf-idf for you is 0"
"576","tf-idf for should is 0"
"577","tf-idf for be is 0"
"578","tf-idf for using is 0"
"579","tf-idf for Promoted is 0"
"580","tf-idf for Accounts is 0"
"581","tf-idf for in is 0"
"582","tf-idf for @twitter is 0"
"583","tf-idf for Timeline: is 0"
"584","tf-idf for http://t.co/owRC4iMpTM is 0"
"585","tf-idf for @Something_found is 0"
"586","tf-idf for A is 0"
"587","tf-idf for TD is 0"
"588","tf-idf for means is 0"
"589","tf-idf for his is 0"
"590","tf-idf for team is 0"
"591","tf-idf for gives is 0"
"592","tf-idf for him is 0"
"593","tf-idf for @Skittles! is 0"
"594","tf-idf for I is 0"
"595","tf-idf for enjoy is 0"
"596","tf-idf for any is 0"
"597","tf-idf for #SB48 is 0"
"598","tf-idf for TD is 0"
"599","tf-idf for celebration is 0"
"600","tf-idf for that's is 0"
"601","tf-idf for this is 0"
"602","tf-idf for colorful! is 0"
"603","tf-idf for https://t.co/3CVfEq1xON is 0"
"604","tf-idf for #mmscolorcommentary is 0"
"605","tf-idf for Ah, is 0"
"606","tf-idf for just is 0"
"607","tf-idf for another is 0"
"608","tf-idf for #ManCandyMonday is 0"
"609","tf-idf for mansion. is 0"
"610","tf-idf for Check is 0"
"611","tf-idf for out is 0"
"612","tf-idf for this is 0"
"613","tf-idf for clip is 0"
"614","tf-idf for of is 0"
"615","tf-idf for me is 0"
"616","tf-idf for &amp; is 0"
"617","tf-idf for @JuanPaGalavis is 0"
"618","tf-idf for on is 0"
"619","tf-idf for #TheBachelor! is 0"
"620","tf-idf for http://t.co/TghEhUOEwX is 0"
"621","tf-idf for Congrats is 0"
"622","tf-idf for @CityofSeattle is 0"
"623","tf-idf for on is 0"
"624","tf-idf for winning is 0"
"625","tf-idf for #SB48! is 0"
"626","tf-idf for What is 0"
"627","tf-idf for sweet is 0"
"628","tf-idf for victory! is 0"
"629","tf-idf for https://t.co/NrJ3bYMUEe is 0"
"630","tf-idf for Found is 0"
"631","tf-idf for this is 0"
"632","tf-idf for alarming is 0"
"633","tf-idf for tape is 0"
"634","tf-idf for in is 0"
"635","tf-idf for Yellow’s is 0"
"636","tf-idf for video is 0"
"637","tf-idf for camera. is 0"
"638","tf-idf for Has is 0"
"639","tf-idf for anyone is 0"
"640","tf-idf for seen is 0"
"641","tf-idf for that is 0"
"642","tf-idf for crazy is 0"
"643","tf-idf for nut? is 0"
"644","tf-idf for - is 0"
"645","tf-idf for Red is 0"
"646","tf-idf for http://t.co/lOPMyrRMhX is 0"
"647","tf-idf for Sunday is 0"
"648","tf-idf for @JoeMontana is 0"
"649","tf-idf for + is 0"
"650","tf-idf for I is 0"
"651","tf-idf for are is 0"
"652","tf-idf for calling is 0"
"653","tf-idf for #SB48 is 0"
"654","tf-idf for live is 0"
"655","tf-idf for in is 0"
"656","tf-idf for videos is 0"
"657","tf-idf for like is 0"
"658","tf-idf for this! is 0"
"659","tf-idf for Joe is 0"
"660","tf-idf for says is 0"
"661","tf-idf for expect is 0"
"662","tf-idf for fireworks. is 0"
"663","tf-idf for Cool, is 0"
"664","tf-idf for I is 0"
"665","tf-idf for love is 0"
"666","tf-idf for colors! is 0"
"667","tf-idf for http://t.co/GJheq0jcQy is 0"
"668","tf-idf for The is 0"
"669","tf-idf for suspense is 0"
"670","tf-idf for is is 0"
"671","tf-idf for over! is 0"
"672","tf-idf for Check is 0"
"673","tf-idf for out is 0"
"674","tf-idf for my is 0"
"675","tf-idf for big is 0"
"676","tf-idf for #SB48 is 0"
"677","tf-idf for debut: is 0"
"678","tf-idf for http://t.co/t6QuJrVbe0 is 0"
"679","tf-idf for Who's is 0"
"680","tf-idf for ready is 0"
"681","tf-idf for some is 0"
"682","tf-idf for #ManCandyMonday? is 0"
"683","tf-idf for RT is 0"
"684","tf-idf for if is 0"
"685","tf-idf for you're is 0"
"686","tf-idf for watching is 0"
"687","tf-idf for second is 0"
"688","tf-idf for night is 0"
"689","tf-idf for of is 0"
"690","tf-idf for ABC's is 0"
"691","tf-idf for #TheBachelor is 0"
"692","tf-idf for premiere! is 0"
"693","tf-idf for http://t.co/tIbuz6V4Em is 0"
"694","tf-idf for Who’s is 0"
"695","tf-idf for real is 0"
"696","tf-idf for Man is 0"
"697","tf-idf for Candy is 0"
"698","tf-idf for #TheBachelor is 0"
"699","tf-idf for mansion, is 0"
"700","tf-idf for me is 0"
"701","tf-idf for or is 0"
"702","tf-idf for @JuanPaGalavis? is 0"
"703","tf-idf for Watch is 0"
"704","tf-idf for this is 0"
"705","tf-idf for #ManCandyMonday is 0"
"706","tf-idf for clip is 0"
"707","tf-idf for &amp; is 0"
"708","tf-idf for tell is 0"
"709","tf-idf for us! is 0"
"710","tf-idf for http://t.co/XBOSuMYzzi is 0"
"711","tf-idf for Caribbean is 0"
"712","tf-idf for Cruises. is 0"
"713","tf-idf for Sign is 0"
"714","tf-idf for up is 0"
"715","tf-idf for get is 0"
"716","tf-idf for great is 0"
"717","tf-idf for offers is 0"
"718","tf-idf for on is 0"
"719","tf-idf for our is 0"
"720","tf-idf for Caribbean is 0"
"721","tf-idf for vacations is 0"
"722","tf-idf for latest is 0"
"723","tf-idf for cruise is 0"
"724","tf-idf for offers. is 0"
"725","tf-idf for  is 0"
"726","tf-idf for https://t.co/ImyfHeYXkK is 0"
"727","tf-idf for Last is 0"
"728","tf-idf for minute is 0"
"729","tf-idf for cruise is 0"
"730","tf-idf for deals is 0"
"731","tf-idf for cruise is 0"
"732","tf-idf for vacation is 0"
"733","tf-idf for specials. is 0"
"734","tf-idf for Sign is 0"
"735","tf-idf for up is 0"
"736","tf-idf for get is 0"
"737","tf-idf for more is 0"
"738","tf-idf for information!
 is 0"
"739","tf-idf for https://t.co/Kd4R1ol5xl is 0"
"740","tf-idf for Need is 0"
"741","tf-idf for #UltimateGetaway? is 0"
"742","tf-idf for Sign is 0"
"743","tf-idf for up is 0"
"744","tf-idf for get is 0"
"745","tf-idf for info is 0"
"746","tf-idf for on is 0"
"747","tf-idf for last is 0"
"748","tf-idf for minute is 0"
"749","tf-idf for cruise is 0"
"750","tf-idf for deals is 0"
"751","tf-idf for cruise is 0"
"752","tf-idf for vacation is 0"
"753","tf-idf for specials. is 0"
"754","tf-idf for  is 0"
"755","tf-idf for https://t.co/mS7XCVnyjw is 0"
"756","tf-idf for Need is 0"
"757","tf-idf for tropical is 0"
"758","tf-idf for vacation? is 0"
"759","tf-idf for Sign is 0"
"760","tf-idf for up is 0"
"761","tf-idf for get is 0"
"762","tf-idf for inside is 0"
"763","tf-idf for scoop is 0"
"764","tf-idf for on is 0"
"765","tf-idf for our is 0"
"766","tf-idf for Caribbean is 0"
"767","tf-idf for Cruises is 0"
"768","tf-idf for specials. is 0"
"769","tf-idf for https://t.co/Kd4R1ol5xl is 0"
"770","tf-idf for Sign is 0"
"771","tf-idf for up is 0"
"772","tf-idf for get is 0"
"773","tf-idf for inside is 0"
"774","tf-idf for scoop is 0"
"775","tf-idf for be is 0"
"776","tf-idf for first is 0"
"777","tf-idf for know is 0"
"778","tf-idf for about is 0"
"779","tf-idf for our is 0"
"780","tf-idf for latest is 0"
"781","tf-idf for cruise is 0"
"782","tf-idf for offers. is 0"
"783","tf-idf for  is 0"
"784","tf-idf for https://t.co/ImyfHeYXkK is 0"
"785","tf-idf for Sign is 0"
"786","tf-idf for up is 0"
"787","tf-idf for get is 0"
"788","tf-idf for inside is 0"
"789","tf-idf for scoop is 0"
"790","tf-idf for be is 0"
"791","tf-idf for first is 0"
"792","tf-idf for know is 0"
"793","tf-idf for about is 0"
"794","tf-idf for our is 0"
"795","tf-idf for latest is 0"
"796","tf-idf for cruise is 0"
"797","tf-idf for offers. is 0"
"798","tf-idf for https://t.co/H30UrOa3K8 is 0"
"799","tf-idf for Which is 0"
"800","tf-idf for cruise is 0"
"801","tf-idf for suits is 0"
"802","tf-idf for you? is 0"
"803","tf-idf for Sign is 0"
"804","tf-idf for up is 0"
"805","tf-idf for get is 0"
"806","tf-idf for inside is 0"
"807","tf-idf for scoop is 0"
"808","tf-idf for on is 0"
"809","tf-idf for our is 0"
"810","tf-idf for hottest is 0"
"811","tf-idf for cruise is 0"
"812","tf-idf for destinations is 0"
"813","tf-idf for specials. is 0"
"814","tf-idf for https://t.co/5345q6Cvdk is 0"
"815","tf-idf for Which is 0"
"816","tf-idf for cruise is 0"
"817","tf-idf for suits is 0"
"818","tf-idf for you? is 0"
"819","tf-idf for Sign is 0"
"820","tf-idf for up is 0"
"821","tf-idf for get is 0"
"822","tf-idf for inside is 0"
"823","tf-idf for scoop is 0"
"824","tf-idf for on is 0"
"825","tf-idf for our is 0"
"826","tf-idf for hottest is 0"
"827","tf-idf for cruise is 0"
"828","tf-idf for destinations is 0"
"829","tf-idf for specials. is 0"
"830","tf-idf for https://t.co/Kd4R1ol5xl is 0"
"831","tf-idf for Which is 0"
"832","tf-idf for cruise is 0"
"833","tf-idf for suits is 0"
"834","tf-idf for you? is 0"
"835","tf-idf for Sign is 0"
"836","tf-idf for up is 0"
"837","tf-idf for get is 0"
"838","tf-idf for inside is 0"
"839","tf-idf for scoop is 0"
"840","tf-idf for on is 0"
"841","tf-idf for our is 0"
"842","tf-idf for hottest is 0"
"843","tf-idf for cruise is 0"
"844","tf-idf for destinations is 0"
"845","tf-idf for specials. is 0"
"846","tf-idf for https://t.co/tcxNB4Vzp8 is 0"
"847","tf-idf for We've is 0"
"848","tf-idf for recently is 0"
"849","tf-idf for opened is 0"
"850","tf-idf for our is 0"
"851","tf-idf for new is 0"
"852","tf-idf for store is 0"
"853","tf-idf for West is 0"
"854","tf-idf for Edmonton is 0"
"855","tf-idf for Mall is 0"
"856","tf-idf for in is 0"
"857","tf-idf for Edmonton, is 0"
"858","tf-idf for AB! is 0"
"859","tf-idf for Visit is 0"
"860","tf-idf for us is 0"
"861","tf-idf for today. is 0"
"862","tf-idf for http://t.co/GbvyydomRX is 0"
"863","tf-idf for We've is 0"
"864","tf-idf for recently is 0"
"865","tf-idf for opened is 0"
"866","tf-idf for our is 0"
"867","tf-idf for new is 0"
"868","tf-idf for store is 0"
"869","tf-idf for Willowbrook is 0"
"870","tf-idf for Mall is 0"
"871","tf-idf for in is 0"
"872","tf-idf for Wayne, is 0"
"873","tf-idf for NJ! is 0"
"874","tf-idf for Visit is 0"
"875","tf-idf for us is 0"
"876","tf-idf for today. is 0"
"877","tf-idf for http://t.co/1j9h1P3eAY is 0"
"878","tf-idf for #UnShameYourPet is 0"
"879","tf-idf for with is 0"
"880","tf-idf for PetProtect™, is 0"
"881","tf-idf for carpet is 0"
"882","tf-idf for system is 0"
"883","tf-idf for designed is 0"
"884","tf-idf for pet is 0"
"885","tf-idf for owners. is 0"
"886","tf-idf for Follow is 0"
"887","tf-idf for STAINMASTER® is 0"
"888","tf-idf for today is 0"
"889","tf-idf for learn is 0"
"890","tf-idf for more! is 0"
"891","tf-idf for Add is 0"
"892","tf-idf for warmth is 0"
"893","tf-idf for any is 0"
"894","tf-idf for room is 0"
"895","tf-idf for this is 0"
"896","tf-idf for winter is 0"
"897","tf-idf for with is 0"
"898","tf-idf for STAINMASTER® is 0"
"899","tf-idf for carpet. is 0"
"900","tf-idf for Follow is 0"
"901","tf-idf for us is 0"
"902","tf-idf for today is 0"
"903","tf-idf for carpet is 0"
"904","tf-idf for solutions is 0"
"905","tf-idf for add is 0"
"906","tf-idf for comfort is 0"
"907","tf-idf for your is 0"
"908","tf-idf for home. is 0"
"909","tf-idf for Butter, is 0"
"910","tf-idf for wine is 0"
"911","tf-idf for gum, is 0"
"912","tf-idf for oh is 0"
"913","tf-idf for my. is 0"
"914","tf-idf for Accidents is 0"
"915","tf-idf for happen, is 0"
"916","tf-idf for we is 0"
"917","tf-idf for can is 0"
"918","tf-idf for help! is 0"
"919","tf-idf for Stain is 0"
"920","tf-idf for Removal is 0"
"921","tf-idf for Tips: is 0"
"922","tf-idf for http://t.co/sPrEUrzW7l is 0"
"923","tf-idf for Can't is 0"
"924","tf-idf for catch is 0"
"925","tf-idf for them is 0"
"926","tf-idf for in is 0"
"927","tf-idf for act? is 0"
"928","tf-idf for #UnShameYourPet is 0"
"929","tf-idf for with is 0"
"930","tf-idf for STAINMASTER® is 0"
"931","tf-idf for PetProtect™ is 0"
"932","tf-idf for carpet. is 0"
"933","tf-idf for http://t.co/YeXj5yUtro is 0"
"934","tf-idf for http://t.co/39JdDsBdG4 is 0"
"935","tf-idf for Carpet is 0"
"936","tf-idf for can is 0"
"937","tf-idf for make is 0"
"938","tf-idf for any is 0"
"939","tf-idf for room is 0"
"940","tf-idf for feel is 0"
"941","tf-idf for more is 0"
"942","tf-idf for comfortable. is 0"
"943","tf-idf for Follow is 0"
"944","tf-idf for STAINMASTER® is 0"
"945","tf-idf for today! is 0"
"946","tf-idf for Do is 0"
"947","tf-idf for your is 0"
"948","tf-idf for feet is 0"
"949","tf-idf for favor is 0"
"950","tf-idf for this is 0"
"951","tf-idf for winter is 0"
"952","tf-idf for cover is 0"
"953","tf-idf for your is 0"
"954","tf-idf for home is 0"
"955","tf-idf for in is 0"
"956","tf-idf for STAINMASTER® is 0"
"957","tf-idf for carpet. is 0"
"958","tf-idf for To is 0"
"959","tf-idf for learn is 0"
"960","tf-idf for more, is 0"
"961","tf-idf for follow is 0"
"962","tf-idf for us is 0"
"963","tf-idf for today! is 0"
"964","tf-idf for Does is 0"
"965","tf-idf for your is 0"
"966","tf-idf for pet is 0"
"967","tf-idf for like is 0"
"968","tf-idf for doing is 0"
"969","tf-idf for pet is 0"
"970","tf-idf for things? is 0"
"971","tf-idf for #UnShameYourPet is 0"
"972","tf-idf for with is 0"
"973","tf-idf for PetProtect™ is 0"
"974","tf-idf for carpet is 0"
"975","tf-idf for follow is 0"
"976","tf-idf for STAINMASTER® is 0"
"977","tf-idf for today! is 0"
"978","tf-idf for Easy is 0"
"979","tf-idf for maintain is 0"
"980","tf-idf for withstands is 0"
"981","tf-idf for high is 0"
"982","tf-idf for traffic. is 0"
"983","tf-idf for Follow is 0"
"984","tf-idf for STAINMASTER® is 0"
"985","tf-idf for today is 0"
"986","tf-idf for if is 0"
"987","tf-idf for this is 0"
"988","tf-idf for is is 0"
"989","tf-idf for your is 0"
"990","tf-idf for ideal is 0"
"991","tf-idf for kind is 0"
"992","tf-idf for of is 0"
"993","tf-idf for carpet. is 0"
"994","tf-idf for Every is 0"
"995","tf-idf for home's is 0"
"996","tf-idf for comfort is 0"
"997","tf-idf for needs is 0"
"998","tf-idf for are is 0"
"999","tf-idf for unique. is 0"
"1000","tf-idf for Not is 0"
"1001","tf-idf for worry, is 0"
"1002","tf-idf for we is 0"
"1003","tf-idf for have is 0"
"1004","tf-idf for carpet is 0"
"1005","tf-idf for every is 0"
"1006","tf-idf for lifestyle. is 0"
"1007","tf-idf for Follow is 0"
"1008","tf-idf for us is 0"
"1009","tf-idf for today! is 0"
"1010","tf-idf for Find is 0"
"1011","tf-idf for ideal is 0"
"1012","tf-idf for carpet is 0"
"1013","tf-idf for your is 0"
"1014","tf-idf for lifestyle. is 0"
"1015","tf-idf for Download is 0"
"1016","tf-idf for Stainmaster's is 0"
"1017","tf-idf for SHOWRoom is 0"
"1018","tf-idf for app is 0"
"1019","tf-idf for your is 0"
"1020","tf-idf for iPad is 0"
"1021","tf-idf for today! is 0"
"1022","tf-idf for http://t.co/wOp4Z6dFCl is 0"
"1023","tf-idf for Follow is 0"
"1024","tf-idf for STAINMASTER® is 0"
"1025","tf-idf for see is 0"
"1026","tf-idf for why is 0"
"1027","tf-idf for carpet is 0"
"1028","tf-idf for is is 0"
"1029","tf-idf for perfect is 0"
"1030","tf-idf for solution is 0"
"1031","tf-idf for keep is 0"
"1032","tf-idf for your is 0"
"1033","tf-idf for home is 0"
"1034","tf-idf for warm is 0"
"1035","tf-idf for cozy is 0"
"1036","tf-idf for this is 0"
"1037","tf-idf for winter. is 0"
"1038","tf-idf for Follow is 0"
"1039","tf-idf for STAINMASTER® is 0"
"1040","tf-idf for if is 0"
"1041","tf-idf for you is 0"
"1042","tf-idf for plan is 0"
"1043","tf-idf for on is 0"
"1044","tf-idf for remodeling is 0"
"1045","tf-idf for your is 0"
"1046","tf-idf for floors. is 0"
"1047","tf-idf for We is 0"
"1048","tf-idf for have is 0"
"1049","tf-idf for perfect is 0"
"1050","tf-idf for carpet is 0"
"1051","tf-idf for solution is 0"
"1052","tf-idf for your is 0"
"1053","tf-idf for home. is 0"
"1054","tf-idf for Follow is 0"
"1055","tf-idf for STAINMASTER® is 0"
"1056","tf-idf for today is 0"
"1057","tf-idf for begin is 0"
"1058","tf-idf for unshaming is 0"
"1059","tf-idf for your is 0"
"1060","tf-idf for pet is 0"
"1061","tf-idf for with is 0"
"1062","tf-idf for STAINMASTER® is 0"
"1063","tf-idf for PetProtect™ is 0"
"1064","tf-idf for carpet.  is 0"
"1065","tf-idf for Follow is 0"
"1066","tf-idf for STAINMASTER® is 0"
"1067","tf-idf for today is 0"
"1068","tf-idf for find is 0"
"1069","tf-idf for perfect is 0"
"1070","tf-idf for carpet is 0"
"1071","tf-idf for solution is 0"
"1072","tf-idf for your is 0"
"1073","tf-idf for home. is 0"
"1074","tf-idf for Follow is 0"
"1075","tf-idf for STAINMASTER® is 0"
"1076","tf-idf for today is 0"
"1077","tf-idf for learn is 0"
"1078","tf-idf for why is 0"
"1079","tf-idf for carpet is 0"
"1080","tf-idf for is is 0"
"1081","tf-idf for best is 0"
"1082","tf-idf for flooring is 0"
"1083","tf-idf for solution is 0"
"1084","tf-idf for your is 0"
"1085","tf-idf for home. is 0"
"1086","tf-idf for Follow is 0"
"1087","tf-idf for STAINMASTER® is 0"
"1088","tf-idf for today is 0"
"1089","tf-idf for worry is 0"
"1090","tf-idf for less is 0"
"1091","tf-idf for about is 0"
"1092","tf-idf for your is 0"
"1093","tf-idf for pet's is 0"
"1094","tf-idf for mess is 0"
"1095","tf-idf for with is 0"
"1096","tf-idf for PetProtect™ is 0"
"1097","tf-idf for carpet. is 0"
"1098","tf-idf for Follow is 0"
"1099","tf-idf for us is 0"
"1100","tf-idf for learn is 0"
"1101","tf-idf for how is 0"
"1102","tf-idf for PetProtect™ is 0"
"1103","tf-idf for carpet is 0"
"1104","tf-idf for cushion is 0"
"1105","tf-idf for system is 0"
"1106","tf-idf for resists is 0"
"1107","tf-idf for pet is 0"
"1108","tf-idf for stains is 0"
"1109","tf-idf for helps is 0"
"1110","tf-idf for reduce is 0"
"1111","tf-idf for pet is 0"
"1112","tf-idf for odor. is 0"
"1113","tf-idf for Follow is 0"
"1114","tf-idf for us is 0"
"1115","tf-idf for today is 0"
"1116","tf-idf for worry is 0"
"1117","tf-idf for less is 0"
"1118","tf-idf for about is 0"
"1119","tf-idf for pet is 0"
"1120","tf-idf for stains is 0"
"1121","tf-idf for with is 0"
"1122","tf-idf for our is 0"
"1123","tf-idf for PetProtect™ is 0"
"1124","tf-idf for carpet is 0"
"1125","tf-idf for cushion is 0"
"1126","tf-idf for system. is 0"
"1127","tf-idf for High is 0"
"1128","tf-idf for traffic, is 0"
"1129","tf-idf for children is 0"
"1130","tf-idf for pets? is 0"
"1131","tf-idf for  is 0"
"1132","tf-idf for STAINMASTER® is 0"
"1133","tf-idf for Active is 0"
"1134","tf-idf for Family™ is 0"
"1135","tf-idf for carpet is 0"
"1136","tf-idf for is is 0"
"1137","tf-idf for easy is 0"
"1138","tf-idf for clean. is 0"
"1139","tf-idf for Follow is 0"
"1140","tf-idf for us is 0"
"1141","tf-idf for today! is 0"
"1142","tf-idf for Is is 0"
"1143","tf-idf for your is 0"
"1144","tf-idf for kitty is 0"
"1145","tf-idf for original is 0"
"1146","tf-idf for smelly is 0"
"1147","tf-idf for cat? is 0"
"1148","tf-idf for Learn is 0"
"1149","tf-idf for how is 0"
"1150","tf-idf for we is 0"
"1151","tf-idf for can is 0"
"1152","tf-idf for help is 0"
"1153","tf-idf for #UnShameYourPet. is 0"
"1154","tf-idf for http://t.co/ZQ0xRf1rHu is 0"
"1155","tf-idf for http://t.co/FtEcQYSm8x is 0"
"1156","tf-idf for Is is 0"
"1157","tf-idf for your is 0"
"1158","tf-idf for pet is 0"
"1159","tf-idf for is is 0"
"1160","tf-idf for still is 0"
"1161","tf-idf for working is 0"
"1162","tf-idf for on is 0"
"1163","tf-idf for his is 0"
"1164","tf-idf for New is 0"
"1165","tf-idf for Year is 0"
"1166","tf-idf for resolutions? is 0"
"1167","tf-idf for http://t.co/YeXj5yUtro is 0"
"1168","tf-idf for #UnShameYourPet is 0"
"1169","tf-idf for http://t.co/W87A6babZi is 0"
"1170","tf-idf for Let is 0"
"1171","tf-idf for us is 0"
"1172","tf-idf for show is 0"
"1173","tf-idf for you is 0"
"1174","tf-idf for how is 0"
"1175","tf-idf for STAINMASTER® is 0"
"1176","tf-idf for PetProtect™ is 0"
"1177","tf-idf for carpet is 0"
"1178","tf-idf for system is 0"
"1179","tf-idf for can is 0"
"1180","tf-idf for help is 0"
"1181","tf-idf for #UnShameYourPet. is 0"
"1182","tf-idf for http://t.co/ZQ0xRf1rHu is 0"
"1183","tf-idf for http://t.co/5u4S92jvru is 0"
"1184","tf-idf for Ruh, is 0"
"1185","tf-idf for roh! is 0"
"1186","tf-idf for  is 0"
"1187","tf-idf for #UnShameYourPet is 0"
"1188","tf-idf for from is 0"
"1189","tf-idf for occasional is 0"
"1190","tf-idf for accidents is 0"
"1191","tf-idf for with is 0"
"1192","tf-idf for STAINMASTER® is 0"
"1193","tf-idf for PetProtect™ is 0"
"1194","tf-idf for carpet. is 0"
"1195","tf-idf for http://t.co/YeXj5yUtro is 0"
"1196","tf-idf for http://t.co/lz0B9BP6b2 is 0"
"1197","tf-idf for STAINMASTER® is 0"
"1198","tf-idf for PetProtect™ is 0"
"1199","tf-idf for carpet is 0"
"1200","tf-idf for cushion is 0"
"1201","tf-idf for system is 0"
"1202","tf-idf for is is 0"
"1203","tf-idf for now is 0"
"1204","tf-idf for available is 0"
"1205","tf-idf for @Lowes. is 0"
"1206","tf-idf for Find is 0"
"1207","tf-idf for store is 0"
"1208","tf-idf for near is 0"
"1209","tf-idf for you is 0"
"1210","tf-idf for ask is 0"
"1211","tf-idf for how is 0"
"1212","tf-idf for it is 0"
"1213","tf-idf for can is 0"
"1214","tf-idf for help is 0"
"1215","tf-idf for #UnShameYourPet. is 0"
"1216","tf-idf for STAINMASTER® is 0"
"1217","tf-idf for carpet is 0"
"1218","tf-idf for is is 0"
"1219","tf-idf for perfect is 0"
"1220","tf-idf for every is 0"
"1221","tf-idf for lifestyle. is 0"
"1222","tf-idf for Follow is 0"
"1223","tf-idf for us is 0"
"1224","tf-idf for today! is 0"
"1225","tf-idf for STAINMASTER® is 0"
"1226","tf-idf for carpet is 0"
"1227","tf-idf for stands is 0"
"1228","tf-idf for up is 0"
"1229","tf-idf for high is 0"
"1230","tf-idf for traffic. is 0"
"1231","tf-idf for Follow is 0"
"1232","tf-idf for us is 0"
"1233","tf-idf for perfect is 0"
"1234","tf-idf for carpeting is 0"
"1235","tf-idf for solutions is 0"
"1236","tf-idf for an is 0"
"1237","tf-idf for active is 0"
"1238","tf-idf for household. is 0"
"1239","tf-idf for We is 0"
"1240","tf-idf for love is 0"
"1241","tf-idf for @Pantone's is 0"
"1242","tf-idf for 2014 is 0"
"1243","tf-idf for Color is 0"
"1244","tf-idf for of is 0"
"1245","tf-idf for Year, is 0"
"1246","tf-idf for radiant is 0"
"1247","tf-idf for orchid! is 0"
"1248","tf-idf for Find is 0"
"1249","tf-idf for perfect is 0"
"1250","tf-idf for carpet is 0"
"1251","tf-idf for match is 0"
"1252","tf-idf for here: is 0"
"1253","tf-idf for http://t.co/WnXa3KDF3i is 0"
"1254","tf-idf for We're is 0"
"1255","tf-idf for pretty is 0"
"1256","tf-idf for sure is 0"
"1257","tf-idf for this is 0"
"1258","tf-idf for pup is 0"
"1259","tf-idf for will is 0"
"1260","tf-idf for be is 0"
"1261","tf-idf for tuning is 0"
"1262","tf-idf for into is 0"
"1263","tf-idf for @WKCDOGS is 0"
"1264","tf-idf for on is 0"
"1265","tf-idf for February is 0"
"1266","tf-idf for 10-11, is 0"
"1267","tf-idf for will is 0"
"1268","tf-idf for you? is 0"
"1269","tf-idf for :-P is 0"
"1270","tf-idf for #dogs is 0"
"1271","tf-idf for #pups is 0"
"1272","tf-idf for http://t.co/iQFtA9GtQA is 0"
"1273","tf-idf for Whether is 0"
"1274","tf-idf for you is 0"
"1275","tf-idf for need is 0"
"1276","tf-idf for carpet is 0"
"1277","tf-idf for that is 0"
"1278","tf-idf for is is 0"
"1279","tf-idf for durable is 0"
"1280","tf-idf for or is 0"
"1281","tf-idf for soft, is 0"
"1282","tf-idf for STAINMASTER® is 0"
"1283","tf-idf for carpet is 0"
"1284","tf-idf for has is 0"
"1285","tf-idf for you is 0"
"1286","tf-idf for covered. is 0"
"1287","tf-idf for Follow is 0"
"1288","tf-idf for us is 0"
"1289","tf-idf for learn is 0"
"1290","tf-idf for more! is 0"
"1291","tf-idf for Whether is 0"
"1292","tf-idf for you is 0"
"1293","tf-idf for need is 0"
"1294","tf-idf for carpet is 0"
"1295","tf-idf for that is 0"
"1296","tf-idf for is is 0"
"1297","tf-idf for durable is 0"
"1298","tf-idf for or is 0"
"1299","tf-idf for soft, is 0"
"1300","tf-idf for STAINMASTER® is 0"
"1301","tf-idf for carpet is 0"
"1302","tf-idf for has is 0"
"1303","tf-idf for you is 0"
"1304","tf-idf for covered. is 0"
"1305","tf-idf for Follow is 0"
"1306","tf-idf for us is 0"
"1307","tf-idf for today! is 0"
"1308","tf-idf for Answer is 0"
"1309","tf-idf for chance is 0"
"1310","tf-idf for 2 is 0"
"1311","tf-idf for win is 0"
"1312","tf-idf for case is 0"
"1313","tf-idf for of is 0"
"1314","tf-idf for yogurt! is 0"
"1315","tf-idf for Which is 0"
"1316","tf-idf for new is 0"
"1317","tf-idf for flavor is 0"
"1318","tf-idf for of is 0"
"1319","tf-idf for #StonyfieldGreek is 0"
"1320","tf-idf for do is 0"
"1321","tf-idf for you is 0"
"1322","tf-idf for most is 0"
"1323","tf-idf for want is 0"
"1324","tf-idf for try? is 0"
"1325","tf-idf for http://t.co/vuajXVE7T5 is 0"
"1326","tf-idf for Answer is 0"
"1327","tf-idf for chance is 0"
"1328","tf-idf for 2 is 0"
"1329","tf-idf for win is 0"
"1330","tf-idf for case! is 0"
"1331","tf-idf for What’s is 0"
"1332","tf-idf for your is 0"
"1333","tf-idf for favorite is 0"
"1334","tf-idf for savory is 0"
"1335","tf-idf for mix is 0"
"1336","tf-idf for in? is 0"
"1337","tf-idf for Cucumber? is 0"
"1338","tf-idf for Mint? is 0"
"1339","tf-idf for Other? is 0"
"1340","tf-idf for #StonyfieldGreek is 0"
"1341","tf-idf for http://t.co/2MJmBRZNFN is 0"
"1342","tf-idf for Chocolate is 0"
"1343","tf-idf for or is 0"
"1344","tf-idf for Caramel? is 0"
"1345","tf-idf for What’s is 0"
"1346","tf-idf for your is 0"
"1347","tf-idf for #StonyfieldGreek is 0"
"1348","tf-idf for dessert is 0"
"1349","tf-idf for choice? is 0"
"1350","tf-idf for Answer is 0"
"1351","tf-idf for win is 0"
"1352","tf-idf for case! is 0"
"1353","tf-idf for http://t.co/nsekZ1rQtH is 0"
"1354","tf-idf for We'll is 0"
"1355","tf-idf for announce is 0"
"1356","tf-idf for one is 0"
"1357","tf-idf for winner is 0"
"1358","tf-idf for each is 0"
"1359","tf-idf for day. is 0"
"1360","tf-idf for Thx is 0"
"1361","tf-idf for everyone is 0"
"1362","tf-idf for answering is 0"
"1363","tf-idf for today's is 0"
"1364","tf-idf for so is 0"
"1365","tf-idf for far! is 0"
"1366","tf-idf for #stonyfieldgreek is 0"
"1367","tf-idf for Which is 0"
"1368","tf-idf for flavor is 0"
"1369","tf-idf for try?http://t.co/vuajXVE7T5 is 0"
"1370","tf-idf for Idina is 0"
"1371","tf-idf for Menzel is 0"
"1372","tf-idf for will, is 0"
"1373","tf-idf for 1st is 0"
"1374","tf-idf for time, is 0"
"1375","tf-idf for perform is 0"
"1376","tf-idf for Oscar-nominated is 0"
"1377","tf-idf for song is 0"
"1378","tf-idf for “Let is 0"
"1379","tf-idf for it is 0"
"1380","tf-idf for Go” is 0"
"1381","tf-idf for global is 0"
"1382","tf-idf for audience is 0"
"1383","tf-idf for Oscars is 0"
"1384","tf-idf for http://t.co/HTFcNCs5mU is 0"
"1385","tf-idf for Oh is 0"
"1386","tf-idf for Yeah! is 0"
"1387","tf-idf for Karen is 0"
"1388","tf-idf for O is 0"
"1389","tf-idf for will, is 0"
"1390","tf-idf for first is 0"
"1391","tf-idf for time, is 0"
"1392","tf-idf for perform is 0"
"1393","tf-idf for “The is 0"
"1394","tf-idf for Moon is 0"
"1395","tf-idf for Song” is 0"
"1396","tf-idf for global is 0"
"1397","tf-idf for tv is 0"
"1398","tf-idf for audience is 0"
"1399","tf-idf for on is 0"
"1400","tf-idf for #Oscars is 0"
"1401","tf-idf for http://t.co/U0ZHm0CPKc is 0"
"1402","tf-idf for Pharrell is 0"
"1403","tf-idf for Williams is 0"
"1404","tf-idf for perform is 0"
"1405","tf-idf for his is 0"
"1406","tf-idf for Oscar-nominated is 0"
"1407","tf-idf for song is 0"
"1408","tf-idf for “Happy” is 0"
"1409","tf-idf for Academy is 0"
"1410","tf-idf for Awards is 0"
"1411","tf-idf for presentation is 0"
"1412","tf-idf for on is 0"
"1413","tf-idf for March is 0"
"1414","tf-idf for 2nd: is 0"
"1415","tf-idf for  is 0"
"1416","tf-idf for http://t.co/GuBXP8wIMU is 0"
"1417","tf-idf for U2 is 0"
"1418","tf-idf for perform is 0"
"1419","tf-idf for their is 0"
"1420","tf-idf for Oscar-nominated is 0"
"1421","tf-idf for song, is 0"
"1422","tf-idf for “Ordinary is 0"
"1423","tf-idf for Love”, is 0"
"1424","tf-idf for live is 0"
"1425","tf-idf for first is 0"
"1426","tf-idf for time is 0"
"1427","tf-idf for ever is 0"
"1428","tf-idf for Oscars is 0"
"1429","tf-idf for on is 0"
"1430","tf-idf for March is 0"
"1431","tf-idf for 2nd is 0"
"1432","tf-idf for  is 0"
"1433","tf-idf for http://t.co/LNf7aCpE9Y is 0"
